{"cameraMode":{"drawMode":0,"name":"Shaded","section":"Shading Mode"},"sceneLighting":true,"audioPlay":false,"sceneViewState":{"showFog":false,"showMaterialUpdate":false,"showSkybox":false,"showFlares":false,"showImageEffects":false,"showParticleSystems":true},"in2DMode":false,"pivot":{"x":-3.3786239624023439,"y":3.34434175491333,"z":0.49598610401153567},"rotation":{"x":0.29684290289878847,"y":-0.09690206497907639,"z":0.03029712848365307,"w":0.9495137929916382},"size":10.110353469848633,"orthographic":false}