{"cameraMode":{"drawMode":0,"name":"Shaded","section":"Shading Mode"},"sceneLighting":true,"audioPlay":false,"sceneViewState":{"showFog":false,"showMaterialUpdate":false,"showSkybox":false,"showFlares":false,"showImageEffects":false,"showParticleSystems":true},"in2DMode":false,"pivot":{"x":14.285408020019532,"y":4.285249710083008,"z":-11.574752807617188},"rotation":{"x":-0.00808679684996605,"y":0.9917171597480774,"z":-0.1000048965215683,"w":-0.080191470682621},"size":27.46366310119629,"orthographic":false}