{"cameraMode":{"drawMode":0,"name":"Shaded","section":"Shading Mode"},"sceneLighting":true,"audioPlay":false,"sceneViewState":{"showFog":false,"showMaterialUpdate":false,"showSkybox":false,"showFlares":false,"showImageEffects":false,"showParticleSystems":true},"in2DMode":false,"pivot":{"x":-20.75754737854004,"y":1.913914442062378,"z":1.4977946281433106},"rotation":{"x":0.04537072777748108,"y":-0.6733061075210571,"z":0.04146050661802292,"w":0.7368049621582031},"size":26.96201515197754,"orthographic":false}